<application>
  <component name="UISettings">
    <option name="CLOSE_TAB_BUTTON_ON_THE_RIGHT" value="false" />
    <option name="EDITOR_TAB_LIMIT" value="30" />
    <option name="EDITOR_TAB_PLACEMENT" value="2" />
    <option name="FULL_PATHS_IN_TITLE_BAR" value="true" />
    <option name="MARK_MODIFIED_TABS_WITH_ASTERISK" value="true" />
    <option name="SEPARATE_MAIN_MENU" value="true" />
    <option name="showTreeIndentGuides" value="true" />
    <option name="SORT_TABS_ALPHABETICALLY" value="true" />
    <option name="CONTRAST_SCROLLBARS" value="true" />
  </component>
</application>